"id_medico","nome","num_ordem","especialidade_id","telefone"
"1","Tallie Biddle","ORD-0001","46","846-729-0662"
"2","Ailey Condliffe","ORD-0002","4","469-358-1485"
"3","Damon Strafford","ORD-0003","24","404-537-5707"
"4","Rik Camp","ORD-0004","53","942-936-1398"
"5","Roderick Cathcart","ORD-0005","8","483-257-9324"
"6","Westley Duggan","ORD-0006","62","222-899-9483"
"7","Corby Deehan","ORD-0007","21","650-458-1893"
"8","Mata Gullefant","ORD-0008","88","309-744-1556"
"9","Ingaborg Beauman","ORD-0009","95","751-676-0254"
"10","Katrina Agett","ORD-0010","84","874-228-2790"
"11","Cad Bernardt","ORD-0011","22","432-410-1814"
"12","Jamil Chataignier","ORD-0012","87","862-791-9264"
"13","Isabeau Hickenbottom","ORD-0013","98","719-493-1676"
"14","Fania Caselli","ORD-0014","34","721-853-5861"
"15","Reed Collis","ORD-0015","82","428-380-3333"
"16","Valdemar Beckson","ORD-0016","11","549-569-7745"
"17","Tuckie Scrange","ORD-0017","59","170-548-8400"
"18","Virgina Dalton","ORD-0018","44","255-750-6370"
"19","Prince Penhale","ORD-0019","55","989-259-1158"
"20","Lia Cockell","ORD-0020","25","709-997-4800"
"21","Ashil Tittletross","ORD-0001","45","925-949-0215"
"22","Vernon Crewther","ORD-0002","87","500-741-2386"
"23","Tanney Fratson","ORD-0003","71","433-229-4243"
"24","Horatius Finnigan","ORD-0004","71","165-230-3503"
"25","Judah Skylett","ORD-0005","96","596-931-4777"
"26","Cordelie Shallcroff","ORD-0006","19","469-253-1312"
"27","Marten Kibbe","ORD-0007","85","202-792-3060"
"28","Rowland Barkes","ORD-0008","9","908-336-6178"
"29","Mufinella Wegner","ORD-0009","72","684-539-3881"
"30","Lutero Poulson","ORD-0010","94","864-508-5316"
"31","Torrence Piscopiello","ORD-0011","11","422-613-8641"
"32","Micky Feetham","ORD-0012","30","294-642-2330"
"33","Fairfax Lannen","ORD-0013","55","252-964-0950"
"34","Silvain Southwick","ORD-0014","56","357-695-8127"
"35","Heidi Illston","ORD-0015","59","900-597-8813"
"36","Michel Strangwood","ORD-0016","38","736-381-8171"
"37","Samuele Gabriely","ORD-0017","79","358-663-4099"
"38","Jamie Lukins","ORD-0018","42","138-547-3182"
"39","Dallas Frascone","ORD-0019","39","388-680-9249"
"40","Conrade Ratie","ORD-0020","46","305-669-8284"
"41","Roselia McGrail","ORD-0001","63","780-258-2225"
"42","Earle Guinness","ORD-0002","44","497-803-0432"
"43","Lydia Kesten","ORD-0003","30","477-694-1606"
"44","Cointon Filochov","ORD-0004","84","202-720-2109"
"45","Vaclav Tullis","ORD-0005","80","535-771-8865"
"46","Karlotte Prati","ORD-0006","48","155-787-0276"
"47","Maryann Markwelley","ORD-0007","15","933-576-8373"
"48","Griffin Woodes","ORD-0008","76","804-901-6872"
"49","Dian Gauvain","ORD-0009","63","297-948-9103"
"50","Yvonne L''Amie","ORD-0010","57","463-983-0133"
"51","Gawain Noen","ORD-0011","76","565-527-0717"
"52","Samaria Midden","ORD-0012","9","243-991-1409"
"53","Nicolis Stiebler","ORD-0013","26","898-595-5819"
"54","Welbie Antos","ORD-0014","50","797-320-4277"
"55","Priscella Ramlot","ORD-0015","17","995-502-6767"
"56","Erhart Broek","ORD-0016","83","471-198-1237"
"57","Rina Dammarell","ORD-0017","78","557-988-3148"
"58","Vevay McGerraghty","ORD-0018","46","705-778-0102"
"59","Martin Tibald","ORD-0019","58","507-175-8339"
"60","Guillemette Hought","ORD-0020","71","139-920-1583"
"61","Bobbi Gettens","ORD-0001","12","562-640-3564"
"62","Ethyl Bennough","ORD-0002","16","650-716-2756"
"63","Angeli McLevie","ORD-0003","21","746-457-0538"
"64","Coral Found","ORD-0004","81","409-440-3609"
"65","Willy Easman","ORD-0005","85","977-616-9916"
"66","Joann Hully","ORD-0006","22","300-920-0465"
"67","Jeffrey Lillico","ORD-0007","99","976-382-9856"
"68","Paolina Blenkinsop","ORD-0008","61","560-159-5289"
"69","Gratiana Dielhenn","ORD-0009","38","150-440-0691"
"70","Cecil Claiton","ORD-0010","50","892-742-9617"
"71","Ricky Batrim","ORD-0011","90","668-885-9606"
"72","Ketty Dufaire","ORD-0012","18","998-601-1357"
"73","Maude Saywell","ORD-0013","91","234-325-1251"
"74","Lottie Menezes","ORD-0014","96","772-763-6902"
"75","Ambrosius Yvens","ORD-0015","7","165-968-7828"
"76","Matilda Mesnard","ORD-0016","57","976-255-8928"
"77","Jeannine Weems","ORD-0017","15","725-786-4212"
"78","Romola Ledekker","ORD-0018","20","702-752-6812"
"79","Beck Sambals","ORD-0019","61","789-709-5340"
"80","Isabella Thomasen","ORD-0020","57","445-122-9144"
"81","Steward Vallintine","ORD-0001","60","196-302-5806"
"82","Cammy Butterley","ORD-0002","38","195-309-8035"
"83","Neysa Halston","ORD-0003","25","501-285-3914"
"84","Levi Rothon","ORD-0004","56","858-972-3545"
"85","Christiana Saggs","ORD-0005","47","494-270-0656"
"86","Brianne Caw","ORD-0006","29","497-777-7271"
"87","Judith Larvin","ORD-0007","54","180-845-4334"
"88","Charyl Hallgate","ORD-0008","91","153-968-2891"
"89","Hillyer Kairns","ORD-0009","1","109-475-4340"
"90","Cazzie Tribell","ORD-0010","79","638-436-1455"
"91","Melinda Jose","ORD-0011","38","937-764-2220"
"92","Judith Coronas","ORD-0012","39","962-683-6152"
"93","Bryon Boteman","ORD-0013","61","911-857-9290"
"94","Lizbeth Olifard","ORD-0014","47","946-467-6253"
"95","Lawrence Dobbison","ORD-0015","71","945-614-2309"
"96","Rancell Hankins","ORD-0016","34","699-608-1716"
"97","Felecia Gramer","ORD-0017","81","466-817-3899"
"98","Conant Tomasian","ORD-0018","32","200-431-0251"
"99","Jaymee Lowles","ORD-0019","3","196-900-6581"
"100","Lorrayne Lock","ORD-0020","68","724-784-8714"
"101","Les Jedrzejczak","ORD-0001","65","379-333-7275"
"102","Silvie Pennrington","ORD-0002","67","788-573-2899"
"103","Giffer Grosvenor","ORD-0003","14","568-257-0928"
"104","Shayna Itzakson","ORD-0004","41","205-670-6027"
"105","Lucina Ingliby","ORD-0005","86","897-886-4564"
"106","Kassie Neighbour","ORD-0006","58","233-429-2685"
"107","Cobby Maber","ORD-0007","89","611-606-5500"
"108","Othelia Long","ORD-0008","4","311-745-5827"
"109","Rockie Peddel","ORD-0009","75","861-457-0692"
"110","Ferdinand Iles","ORD-0010","97","532-173-6959"
"111","Deni Strodder","ORD-0011","85","987-723-2203"
"112","Jedidiah Brenton","ORD-0012","87","344-479-3293"
"113","Demetrius Keays","ORD-0013","93","577-140-9250"
"114","Benyamin Loddy","ORD-0014","21","665-957-4973"
"115","Donetta Coaten","ORD-0015","32","662-263-1058"
"116","Benita Stearndale","ORD-0016","42","909-138-6015"
"117","Flory Blaksley","ORD-0017","79","358-259-5170"
"118","Ambrosius Stillman","ORD-0018","43","477-580-3023"
"119","Jamaal Mowen","ORD-0019","37","465-206-8913"
"120","Kim Ingrey","ORD-0020","82","971-856-5781"
"121","Cammy Maffeo","ORD-0001","6","800-823-2293"
"122","Lian Rudolph","ORD-0002","54","474-708-5741"
"123","Ruddy Edmott","ORD-0003","95","461-467-4126"
"124","Baxter Bodell","ORD-0004","24","666-971-8998"
"125","Torry Drei","ORD-0005","77","161-558-7172"
"126","Gail Hoyes","ORD-0006","95","433-735-9326"
"127","Rurik Sansom","ORD-0007","34","260-648-5431"
"128","Roxanna Sheran","ORD-0008","94","204-922-6114"
"129","Michele Son","ORD-0009","69","854-373-3808"
"130","Doralyn MacCombe","ORD-0010","47","836-271-8000"
"131","Milo Sponder","ORD-0011","100","987-640-3221"
"132","Howey Mariotte","ORD-0012","68","639-800-7052"
"133","Corry Higford","ORD-0013","70","320-588-8846"
"134","Batholomew Thrift","ORD-0014","71","466-517-7021"
"135","Olimpia Zannutti","ORD-0015","45","650-927-7097"
"136","Ettie Partner","ORD-0016","22","755-644-9058"
"137","Norbie MacDonogh","ORD-0017","82","612-771-4135"
"138","Deva Riccardo","ORD-0018","51","100-426-5015"
"139","Dugald Logan","ORD-0019","1","936-893-5418"
"140","Tiphani Chalcraft","ORD-0020","6","106-733-9878"
"141","Lidia Westmerland","ORD-0001","83","644-636-7003"
"142","Montgomery Kalinowsky","ORD-0002","22","481-500-2924"
"143","Greggory Realff","ORD-0003","61","599-321-8682"
"144","Friedrick Roocroft","ORD-0004","99","994-601-7539"
"145","Pip Arran","ORD-0005","26","385-999-3444"
"146","Averil McReidy","ORD-0006","98","124-156-0317"
"147","Ross De Robertis","ORD-0007","6","521-838-1228"
"148","Pyotr Swannell","ORD-0008","58","952-105-6969"
"149","Anastasia Sizland","ORD-0009","98","903-282-4984"
"150","Tine Kubes","ORD-0010","51","932-556-7275"
"151","Elisabetta Leary","ORD-0011","48","972-830-5630"
"152","Nathan Birtley","ORD-0012","85","876-740-7635"
"153","Liam Beaulieu","ORD-0013","81","317-148-5405"
"154","Felic Kundert","ORD-0014","89","345-140-9678"
"155","Prudy Tosspell","ORD-0015","49","118-289-9544"
"156","Layney Hallitt","ORD-0016","64","798-551-3450"
"157","Dora Culpan","ORD-0017","61","663-503-6644"
"158","Nikolaos Gabbitis","ORD-0018","9","500-512-9002"
"159","Kelly Bage","ORD-0019","5","866-394-3118"
"160","Abe Whistlecroft","ORD-0020","77","385-900-2613"
"161","Mella Domanek","ORD-0001","92","972-836-5810"
"162","Veda Farington","ORD-0002","16","476-575-1809"
"163","Laney Lugden","ORD-0003","4","895-486-0702"
"164","Jeanine Lung","ORD-0004","57","921-616-2300"
"165","Justino Peckett","ORD-0005","92","610-995-4660"
"166","Rubetta Bengtsson","ORD-0006","54","114-853-8455"
"167","Frayda Udale","ORD-0007","93","786-569-3954"
"168","Dougie Keightley","ORD-0008","75","776-997-2335"
"169","Papagena Bilston","ORD-0009","84","938-923-1537"
"170","Neila Madrell","ORD-0010","41","362-997-4428"
"171","Giusto McAuslene","ORD-0011","71","574-735-8678"
"172","Loria Kellart","ORD-0012","5","912-633-6040"
"173","Langsdon Cana","ORD-0013","46","561-570-5472"
"174","Patty Batsford","ORD-0014","96","453-581-0723"
"175","Cordie Hunn","ORD-0015","6","889-651-6852"
"176","Norry Liggens","ORD-0016","52","398-384-7827"
"177","Christye Finnie","ORD-0017","77","954-221-8137"
"178","Fawn Barlass","ORD-0018","78","399-827-2378"
"179","Obie Palle","ORD-0019","7","579-401-9844"
"180","Tiffy Platfoot","ORD-0020","22","632-311-5761"
"181","Rene Stidworthy","ORD-0001","40","536-861-0141"
"182","Audry Skiplorne","ORD-0002","65","635-168-3416"
"183","Betteann Haithwaite","ORD-0003","43","495-505-3578"
"184","Aubry Longrigg","ORD-0004","60","126-909-6096"
"185","Gilly Moral","ORD-0005","16","441-982-2945"
"186","Baxie Eastcott","ORD-0006","90","206-840-6770"
"187","Ezequiel Audas","ORD-0007","78","315-204-6472"
"188","Silva Daltry","ORD-0008","31","233-536-2110"
"189","Aymer McDermid","ORD-0009","78","727-145-3951"
"190","Ondrea Mallatratt","ORD-0010","79","999-821-1839"
"191","Mildrid Hastelow","ORD-0011","96","523-168-9802"
"192","Elvira Nicolson","ORD-0012","38","625-467-0706"
"193","Casie Giraudat","ORD-0013","100","932-914-9260"
"194","Stormie Bendixen","ORD-0014","85","666-405-6642"
"195","Dorelia Lindback","ORD-0015","13","667-841-0400"
"196","Corenda Trunkfield","ORD-0016","74","411-855-8593"
"197","Marthe Warrilow","ORD-0017","6","829-551-1487"
"198","Broderick Westman","ORD-0018","40","762-657-8431"
"199","Shurlocke Mullender","ORD-0019","51","816-481-9708"
"200","Ethelyn D''Antonio","ORD-0020","96","877-336-4774"
"201","Pierce Featenby","ORD-0001","29","579-439-1140"
"202","Jenilee Gate","ORD-0002","22","753-543-4331"
"203","Fulton Wann","ORD-0003","71","578-511-0826"
"204","Mellie Marrow","ORD-0004","54","174-453-0674"
"205","Bria Wield","ORD-0005","69","411-711-5974"
"206","Georgina Pickrell","ORD-0006","13","121-663-3701"
"207","Gabi Dimnage","ORD-0007","53","558-366-0607"
"208","Lind Brownfield","ORD-0008","42","704-251-0480"
"209","Bogey Melsom","ORD-0009","55","926-266-9603"
"210","Shanon Dalley","ORD-0010","30","540-201-3459"
"211","Marcus Fink","ORD-0011","72","596-534-0602"
"212","Julina Lundon","ORD-0012","13","298-806-8773"
"213","Cindi Stillgoe","ORD-0013","44","213-141-2961"
"214","Fanni Minchell","ORD-0014","23","131-805-1101"
"215","Shel Gery","ORD-0015","36","572-546-4641"
"216","Raddy Giuroni","ORD-0016","23","971-521-9878"
"217","Camella Cinavas","ORD-0017","63","604-665-9541"
"218","Cecil Ales","ORD-0018","67","746-794-1701"
"219","Roxie Backman","ORD-0019","77","735-512-3507"
"220","Lewiss Rany","ORD-0020","44","444-944-7216"
"221","Isahella Cona","ORD-0001","26","614-269-9130"
"222","Amalle Rylance","ORD-0002","24","670-492-2071"
"223","Albrecht Rumming","ORD-0003","30","474-380-2280"
"224","Raven Vedmore","ORD-0004","89","936-422-4385"
"225","Frederique Redholes","ORD-0005","61","434-701-5790"
"226","Nikolia Summerton","ORD-0006","85","411-118-9620"
"227","Julia Craigmyle","ORD-0007","79","167-220-6826"
"228","Win Coit","ORD-0008","26","254-254-5483"
"229","Sarene Mullany","ORD-0009","91","601-946-3750"
"230","Dorelle O''Cosgra","ORD-0010","68","161-141-0482"
"231","Ilka Goldsack","ORD-0011","24","817-413-6232"
"232","Bord Gatland","ORD-0012","43","475-900-8509"
"233","Daune Deal","ORD-0013","29","989-274-8537"
"234","Oren Filpi","ORD-0014","22","138-863-5236"
"235","Gweneth Dickinson","ORD-0015","77","144-302-5318"
"236","Georgiana Davis","ORD-0016","64","301-348-0510"
"237","Nonah Rowney","ORD-0017","98","168-213-1610"
"238","Antonella Creane","ORD-0018","26","439-961-5740"
"239","Charmion Mattiassi","ORD-0019","25","848-884-9208"
"240","Sabina Badrock","ORD-0020","81","599-555-3125"
"241","Dareen Berisford","ORD-0001","27","936-785-7797"
"242","Englebert MacCurley","ORD-0002","35","170-610-7166"
"243","Jena Pennaman","ORD-0003","1","713-100-1765"
"244","Fawn Retallack","ORD-0004","94","219-633-8525"
"245","Drud Brayn","ORD-0005","24","207-305-6775"
"246","Eleanor Brandes","ORD-0006","99","132-215-9758"
"247","Tiffie Asipenko","ORD-0007","17","118-226-6977"
"248","Tammi Hagley","ORD-0008","75","125-271-4911"
"249","Lin Pestor","ORD-0009","6","932-543-6756"
"250","Bram Vaneev","ORD-0010","85","239-943-0534"
"251","Donnajean Coffelt","ORD-0011","65","265-987-6263"
"252","Thurstan Hamflett","ORD-0012","40","932-814-0300"
"253","Tedd Crowth","ORD-0013","24","198-624-2498"
"254","Orion Prescot","ORD-0014","89","593-465-0105"
"255","Pierrette Mendoza","ORD-0015","23","364-720-1414"
"256","Inness Hurlestone","ORD-0016","64","619-767-3697"
"257","Reuven Paal","ORD-0017","3","418-177-9548"
"258","Raviv Pettegree","ORD-0018","40","943-833-8229"
"259","Eduard McEniry","ORD-0019","33","403-162-0650"
"260","Annmaria Woollett","ORD-0020","13","918-543-8872"
"261","Cyndi Simeoli","ORD-0001","75","380-317-2632"
"262","Howard Khristoforov","ORD-0002","30","565-221-1068"
"263","Purcell Wattinham","ORD-0003","63","839-558-6248"
"264","Nathanial Eveleigh","ORD-0004","97","296-600-0973"
"265","Sonnie Dudin","ORD-0005","69","971-975-7381"
"266","Janeen Glusby","ORD-0006","75","194-594-4766"
"267","Regen Janota","ORD-0007","48","577-733-6180"
"268","Drucie Dunsford","ORD-0008","10","592-794-1646"
"269","Garrick Placide","ORD-0009","81","307-227-5191"
"270","Diarmid Tierny","ORD-0010","88","541-163-6889"
"271","Iggie De Metz","ORD-0011","92","935-718-5444"
"272","Farly Andretti","ORD-0012","1","619-829-5242"
"273","Way Varey","ORD-0013","73","645-441-9035"
"274","Sissie Fossord","ORD-0014","36","733-443-4893"
"275","Gawen Clitheroe","ORD-0015","21","222-453-1715"
"276","Alexandros Edland","ORD-0016","74","293-119-8341"
"277","Giorgia Charlet","ORD-0017","29","265-370-2440"
"278","Emelda Chellam","ORD-0018","31","138-476-3713"
"279","Astrid Neeson","ORD-0019","15","508-652-1020"
"280","Janice Moulster","ORD-0020","12","506-725-3022"
"281","Michelina Methley","ORD-0001","41","529-368-1892"
"282","Mendy Lorand","ORD-0002","4","569-710-9909"
"283","Fred Gewer","ORD-0003","60","996-925-9621"
"284","Kean Edleston","ORD-0004","74","411-106-6006"
"285","Sybila Bardnam","ORD-0005","63","158-951-2367"
"286","Orazio Shelmardine","ORD-0006","35","356-979-5269"
"287","Gus Barnwall","ORD-0007","38","920-820-9293"
"288","Evaleen Boij","ORD-0008","61","269-161-2638"
"289","Ray Shuker","ORD-0009","26","777-223-4270"
"290","Pavel Terzo","ORD-0010","82","272-630-6652"
"291","Willdon Balaizot","ORD-0011","69","987-285-6329"
"292","Dennison Killeen","ORD-0012","87","314-166-4943"
"293","Gizela Oganian","ORD-0013","75","258-246-0052"
"294","Lennard Djurevic","ORD-0014","37","797-675-5368"
"295","Ayn Bazoche","ORD-0015","51","354-379-4157"
"296","Bailie Heasley","ORD-0016","68","331-283-9199"
"297","Pall Windram","ORD-0017","25","690-668-6678"
"298","Bathsheba Hedge","ORD-0018","10","167-630-5408"
"299","Gard Yellowlees","ORD-0019","59","364-652-3550"
"300","Hillard Buckleigh","ORD-0020","68","541-832-9338"
"301","Chrysa Kopecka","ORD-0001","84","291-976-1056"
"302","Boigie Nickols","ORD-0002","61","717-730-9931"
"303","Cherish Wrigley","ORD-0003","68","671-626-6019"
"304","Callida Bearcock","ORD-0004","22","275-178-2632"
"305","Hilliary McInteer","ORD-0005","36","845-814-4151"
"306","Johnath Husby","ORD-0006","2","435-659-2192"
"307","Angelle Merrall","ORD-0007","52","696-112-1856"
"308","Konstantine Tevlin","ORD-0008","64","228-612-7804"
"309","Quill Daveridge","ORD-0009","50","256-353-2841"
"310","Carolin McCurley","ORD-0010","64","764-943-9147"
"311","Garek Semeradova","ORD-0011","80","162-320-8137"
"312","Kass Berriball","ORD-0012","4","965-738-7095"
"313","Rockie Digg","ORD-0013","37","279-120-6726"
"314","Caldwell Jamme","ORD-0014","95","279-195-9755"
"315","Arin McPhater","ORD-0015","67","776-546-7610"
"316","Jorrie Netting","ORD-0016","97","996-506-0074"
"317","Jeff O''Logan","ORD-0017","74","412-614-8667"
"318","Agneta Rallinshaw","ORD-0018","83","174-634-0133"
"319","Marta Giannazzi","ORD-0019","73","394-115-8996"
"320","Emmaline Perton","ORD-0020","73","358-772-1937"
"321","Klara Collabine","ORD-0001","55","828-830-0271"
"322","Shanan Hanton","ORD-0002","83","589-315-3191"
"323","Wakefield Culshaw","ORD-0003","8","750-278-0288"
"324","Cherilynn Reggio","ORD-0004","98","509-947-0992"
"325","Willdon Waterland","ORD-0005","34","510-443-5748"
"326","Janice Trengove","ORD-0006","41","736-824-8057"
"327","Gayla Vivien","ORD-0007","17","482-387-1112"
"328","Bradan Stafford","ORD-0008","47","922-828-0040"
"329","Rik Slegg","ORD-0009","14","562-708-2951"
"330","Madelene Gibbings","ORD-0010","61","246-623-0099"
"331","Rriocard Kienlein","ORD-0011","60","150-848-3681"
"332","Debera Skeat","ORD-0012","87","725-336-5999"
"333","Herrick Bengoechea","ORD-0013","82","823-931-2390"
"334","Gabbie Adamo","ORD-0014","42","891-642-3605"
"335","Mattias Barnfield","ORD-0015","41","273-861-7465"
"336","Ange Tune","ORD-0016","53","892-544-2573"
"337","Vonni Munnings","ORD-0017","59","859-218-6892"
"338","Louella Hebburn","ORD-0018","15","766-877-1972"
"339","Rossy Steuart","ORD-0019","5","279-140-5420"
"340","Pammy Carberry","ORD-0020","19","670-238-0217"
"341","Rorie Swinford","ORD-0001","41","607-981-1282"
"342","Ned Swatheridge","ORD-0002","37","688-731-3069"
"343","Aloise Tawton","ORD-0003","100","809-484-8354"
"344","Loella Panons","ORD-0004","51","298-487-3261"
"345","John Tredget","ORD-0005","66","109-894-1473"
"346","Misty MacIllrick","ORD-0006","14","687-348-0458"
"347","Valle Tapper","ORD-0007","4","732-515-0272"
"348","Norris Zienkiewicz","ORD-0008","84","796-960-5416"
"349","Kameko Heckner","ORD-0009","54","970-337-5778"
"350","Anderea Kettle","ORD-0010","80","486-492-0150"
"351","Sioux MacCambridge","ORD-0011","94","590-350-6102"
"352","Courtney Ridout","ORD-0012","5","776-434-2111"
"353","Trace Guthrie","ORD-0013","11","590-522-3686"
"354","Sharleen Marvel","ORD-0014","80","189-760-2627"
"355","Corbie Cromblehome","ORD-0015","9","728-643-1402"
"356","Bard Jelf","ORD-0016","39","806-715-8025"
"357","Charlot Sibbs","ORD-0017","1","527-860-1946"
"358","Bernhard Docwra","ORD-0018","100","757-990-8797"
"359","Merrick Heinsius","ORD-0019","58","880-883-4026"
"360","Townsend Hampson","ORD-0020","50","936-967-8430"
"361","Clem Antonich","ORD-0001","20","642-748-9693"
"362","Debbi Silkston","ORD-0002","72","548-808-5573"
"363","Dmitri Doran","ORD-0003","46","326-460-3472"
"364","Celinda Sherston","ORD-0004","52","237-118-9784"
"365","Reynolds Baumford","ORD-0005","10","410-465-6840"
"366","Josefa Lambrecht","ORD-0006","36","918-533-8723"
"367","Raffarty Ickovicz","ORD-0007","59","401-169-3808"
"368","Jasmine Hinkens","ORD-0008","76","637-263-5845"
"369","Fianna Domsalla","ORD-0009","90","552-907-6974"
"370","Carolynn Deyenhardt","ORD-0010","71","615-725-0011"
"371","Jodi Osmant","ORD-0011","56","795-887-0879"
"372","Rosalie Friday","ORD-0012","40","562-486-4613"
"373","Gertie Hesser","ORD-0013","77","586-891-8492"
"374","Amy Brandts","ORD-0014","90","292-304-2925"
"375","Madeline Jenman","ORD-0015","28","619-636-4685"
"376","Valdemar Ivamy","ORD-0016","86","982-630-3282"
"377","Fredrick Brimblecombe","ORD-0017","87","251-322-2573"
"378","Patty Jewise","ORD-0018","91","752-880-5416"
"379","Ernst Hingeley","ORD-0019","57","678-259-2542"
"380","Pincas Leeburn","ORD-0020","58","891-388-7824"
"381","Gualterio Moggie","ORD-0001","12","970-386-3328"
"382","Pauly Beecroft","ORD-0002","44","229-464-4607"
"383","Klarrisa Brambley","ORD-0003","23","163-261-2894"
"384","Allyn Costa","ORD-0004","6","710-183-8541"
"385","Justine Petroulis","ORD-0005","74","433-432-4184"
"386","Maisie Ber","ORD-0006","25","109-856-4935"
"387","Esther Strongman","ORD-0007","58","302-581-9465"
"388","Leta Greser","ORD-0008","82","392-682-6182"
"389","Carolyn Hindmore","ORD-0009","93","744-796-1585"
"390","Viva Lindeman","ORD-0010","67","839-773-9630"
"391","Elvira Skill","ORD-0011","45","670-467-8239"
"392","Killy Ivanin","ORD-0012","28","243-848-2534"
"393","Dacey Shrieve","ORD-0013","35","318-884-1494"
"394","Laureen McGinny","ORD-0014","50","190-238-2534"
"395","Maurine Fretson","ORD-0015","50","411-497-2703"
"396","Celene Wherton","ORD-0016","95","712-632-4331"
"397","Viki Ayshford","ORD-0017","70","428-590-7694"
"398","Adelina Payley","ORD-0018","33","546-747-4032"
"399","Holmes Brennon","ORD-0019","54","340-626-2498"
"400","Karina Lusher","ORD-0020","76","241-730-2365"
"401","Uriah Camplejohn","ORD-0001","76","367-200-2245"
"402","Perceval Cornick","ORD-0002","47","175-783-5303"
"403","Lory Petrillo","ORD-0003","63","549-431-1274"
"404","Oriana Durtnal","ORD-0004","89","538-147-5780"
"405","Lee Neles","ORD-0005","61","800-143-1206"
"406","Kim Jeger","ORD-0006","14","955-563-1944"
"407","Padget Kinneally","ORD-0007","83","107-193-6367"
"408","Tybalt Penreth","ORD-0008","27","712-681-7783"
"409","Isaac Crossgrove","ORD-0009","27","270-433-4454"
"410","Halli Sperwell","ORD-0010","2","388-426-0987"
"411","Carr Goolden","ORD-0011","68","834-250-8480"
"412","Dougie Klug","ORD-0012","7","259-257-8139"
"413","Erny Fife","ORD-0013","71","189-729-4211"
"414","Emmanuel Asch","ORD-0014","3","916-417-5460"
"415","Marta Crawshay","ORD-0015","47","927-131-2907"
"416","Roze Loveridge","ORD-0016","60","615-938-7924"
"417","Clarissa Iacoboni","ORD-0017","48","871-337-4945"
"418","Candra Simounet","ORD-0018","7","797-930-6896"
"419","Edmund Lyptratt","ORD-0019","84","225-188-9282"
"420","Yetta Cheesman","ORD-0020","70","519-948-9581"
"421","Corrie Breckin","ORD-0001","64","122-363-6667"
"422","Freddie Alenikov","ORD-0002","24","501-899-7920"
"423","Muffin Curry","ORD-0003","95","495-903-9382"
"424","Theobald Greschke","ORD-0004","75","513-334-4352"
"425","Kelley Derrington","ORD-0005","5","828-203-2617"
"426","Mar Witz","ORD-0006","98","823-984-8072"
"427","Bran Fulle","ORD-0007","32","817-781-8844"
"428","Maura Doogan","ORD-0008","100","972-934-5486"
"429","Molli Delue","ORD-0009","65","187-256-4592"
"430","Skye Watting","ORD-0010","29","564-156-0390"
"431","Shari Poulsum","ORD-0011","87","917-822-3170"
"432","Vonnie Evitt","ORD-0012","23","445-111-9969"
"433","Beale Fullbrook","ORD-0013","93","153-102-6920"
"434","Faith Rosendorf","ORD-0014","17","263-111-8427"
"435","Anett Flecknell","ORD-0015","86","458-265-8711"
"436","Anetta Pes","ORD-0016","76","823-886-6603"
"437","Celle Penman","ORD-0017","59","935-649-0922"
"438","Finn Barendtsen","ORD-0018","46","716-819-6395"
"439","Chan Vereker","ORD-0019","82","608-356-5104"
"440","Ricardo Caesman","ORD-0020","61","209-156-2520"
"441","Jacqui Stimson","ORD-0001","17","361-451-5912"
"442","Felicio Noli","ORD-0002","85","193-998-2146"
"443","Anette Brenstuhl","ORD-0003","68","136-410-8931"
"444","Graeme Younger","ORD-0004","48","225-869-7005"
"445","Sonia Bourchier","ORD-0005","87","249-256-5351"
"446","Larissa Jancy","ORD-0006","11","369-682-5919"
"447","Germayne Boyen","ORD-0007","73","272-177-4721"
"448","Astra Clowton","ORD-0008","3","788-241-1556"
"449","Lauren Wackett","ORD-0009","39","524-145-9980"
"450","Barbee Grace","ORD-0010","64","351-435-2639"
"451","Nani Yapp","ORD-0011","82","124-774-6477"
"452","Layton Pinkard","ORD-0012","45","712-173-9097"
"453","Dagmar Cordaroy","ORD-0013","72","460-224-2049"
"454","Shurlocke Lage","ORD-0014","71","981-508-9074"
"455","Ag Cosbey","ORD-0015","35","803-233-4126"
"456","Lavinia Wilsdon","ORD-0016","45","902-865-5910"
"457","Boyd Muslim","ORD-0017","47","985-324-1421"
"458","Gabi Midlar","ORD-0018","74","993-251-2773"
"459","Evania Haffenden","ORD-0019","11","287-267-3107"
"460","Barbabas MacGraith","ORD-0020","90","109-642-9497"
"461","Jeana Escofier","ORD-0001","14","579-544-0420"
"462","Irwinn Sainer","ORD-0002","26","621-829-8223"
"463","Redd Pagitt","ORD-0003","57","328-247-6707"
"464","Gorden Waddell","ORD-0004","46","578-619-9058"
"465","Marisa Hembry","ORD-0005","35","191-740-7260"
"466","Kathlin Bleackly","ORD-0006","91","253-673-7138"
"467","Lynsey Braid","ORD-0007","29","436-702-4340"
"468","Martin Tomasi","ORD-0008","20","411-751-4108"
"469","Cully Aldrick","ORD-0009","99","757-522-4128"
"470","Leland Syred","ORD-0010","84","361-387-3187"
"471","Butch Allanson","ORD-0011","83","301-532-3369"
"472","Eddie Chesser","ORD-0012","82","895-444-5700"
"473","Christos La Croce","ORD-0013","63","768-660-8375"
"474","Chandler Niese","ORD-0014","100","153-852-0604"
"475","Tonie Finnie","ORD-0015","73","535-286-9289"
"476","Star De Fries","ORD-0016","6","451-628-9599"
"477","Donall Goutcher","ORD-0017","7","875-671-0119"
"478","Brocky Frew","ORD-0018","71","453-812-6165"
"479","Erick Wealleans","ORD-0019","36","838-766-6231"
"480","Coletta Hearnes","ORD-0020","61","154-762-7190"
"481","Delmer Hindshaw","ORD-0001","32","258-692-5734"
"482","Stanton Greasley","ORD-0002","75","471-269-3318"
"483","Johnny Layson","ORD-0003","59","281-154-8575"
"484","Malachi Colquhoun","ORD-0004","98","256-117-3757"
"485","Archibaldo Gabbott","ORD-0005","12","756-917-7810"
"486","Corrianne Dockery","ORD-0006","53","784-941-2238"
"487","Fidole Sayburn","ORD-0007","81","256-440-8519"
"488","Sollie Morales","ORD-0008","9","741-693-5961"
"489","Murdock Bener","ORD-0009","28","858-387-6635"
"490","Pat Winmill","ORD-0010","17","271-330-4226"
"491","Kelby Pancast","ORD-0011","54","964-631-8045"
"492","Hillie Gouldstone","ORD-0012","60","438-828-9207"
"493","Corene Beek","ORD-0013","45","382-677-4218"
"494","Gisela Riggott","ORD-0014","9","170-922-4741"
"495","Margot Mitchely","ORD-0015","98","707-902-1989"
"496","Dari Poulsum","ORD-0016","16","283-889-6775"
"497","Hi Searchwell","ORD-0017","40","401-542-2779"
"498","Nicolle Radoux","ORD-0018","34","117-681-7683"
"499","Floris Walcar","ORD-0019","74","616-694-6868"
"500","Karlik Garden","ORD-0020","19","766-164-6735"
"501","Bili Wagge","ORD-0001","35","233-423-2659"
"502","Yank Hoggan","ORD-0002","79","399-103-4424"
"503","Rasia Terne","ORD-0003","6","154-926-4479"
"504","Vasili McDougald","ORD-0004","52","295-304-5807"
"505","Rachael Reubbens","ORD-0005","4","646-797-2837"
"506","Jeffrey Constantine","ORD-0006","20","954-826-6376"
"507","Lucinda Blackborough","ORD-0007","18","405-490-5725"
"508","Nannie Uebel","ORD-0008","4","121-429-0479"
"509","Starlene Simester","ORD-0009","56","222-225-8133"
"510","Matthew Prozillo","ORD-0010","61","125-704-8299"
"511","Julius Mishaw","ORD-0011","81","896-352-1796"
"512","Laetitia Curme","ORD-0012","38","604-604-9928"
"513","Georgetta McNeil","ORD-0013","35","782-904-7054"
"514","Gibbie Mapletoft","ORD-0014","45","549-554-9904"
"515","Bernardine Stockford","ORD-0015","7","788-236-9617"
"516","Barbe Sloat","ORD-0016","11","926-190-4061"
"517","Eileen Tracey","ORD-0017","47","105-857-7349"
"518","Kelcy Bussell","ORD-0018","9","111-454-7669"
"519","Dunc McPartlin","ORD-0019","11","629-316-6893"
"520","Ram Deakins","ORD-0020","43","534-101-4525"
"521","Francesca Lister","ORD-0001","75","514-292-4907"
"522","Cecil Turville","ORD-0002","71","150-319-6328"
"523","Dougy Udie","ORD-0003","1","227-423-2794"
"524","Stillmann Murrigans","ORD-0004","10","867-378-0089"
"525","Alecia McDaid","ORD-0005","45","395-902-0019"
"526","Pamela Jestico","ORD-0006","44","320-905-3711"
"527","Howie Loughnan","ORD-0007","17","351-913-2870"
"528","Addy Kelleher","ORD-0008","49","176-304-6995"
"529","Agnella Guerin","ORD-0009","83","339-636-9169"
"530","Dre Bessant","ORD-0010","23","106-573-5517"
"531","Shirlee Bidewel","ORD-0011","4","511-524-3445"
"532","Joya Henkens","ORD-0012","1","404-890-0657"
"533","Jere Durkin","ORD-0013","16","454-931-2528"
"534","Solomon Wrathmell","ORD-0014","30","578-220-3342"
"535","Rahal Sanper","ORD-0015","24","418-295-3062"
"536","Maisie Atmore","ORD-0016","52","413-659-8750"
"537","Helen-elizabeth Dillway","ORD-0017","81","338-262-1876"
"538","Lizabeth Schade","ORD-0018","45","663-674-2702"
"539","Janeta Blunsom","ORD-0019","90","365-682-6779"
"540","Abeu Dresser","ORD-0020","73","116-821-1112"
"541","Urbano Gawne","ORD-0001","66","782-558-9135"
"542","Wally Clelland","ORD-0002","2","299-533-1531"
"543","Yehudi Arundel","ORD-0003","41","587-224-8355"
"544","Ardene Cosyns","ORD-0004","81","593-178-0885"
"545","Alexa Dochon","ORD-0005","76","864-254-0824"
"546","Trip Erington","ORD-0006","38","489-105-4037"
"547","Wakefield Hultberg","ORD-0007","39","401-129-0853"
"548","Bentlee McBayne","ORD-0008","33","731-843-5658"
"549","Kylen Sugden","ORD-0009","39","691-428-2881"
"550","Shea Sellar","ORD-0010","23","468-141-3394"
"551","Howey Mary","ORD-0011","15","290-902-5099"
"552","Marilee Eversley","ORD-0012","86","329-987-8252"
"553","Thor Hatto","ORD-0013","55","169-200-9333"
"554","Robby Charpin","ORD-0014","64","674-183-5101"
"555","Kristy Fairpool","ORD-0015","70","524-390-0109"
"556","Ronda Durrance","ORD-0016","4","932-767-9310"
"557","Artair Key","ORD-0017","11","785-706-5776"
"558","Rodolfo Hazeldine","ORD-0018","40","793-191-5494"
"559","Filbert Gilogly","ORD-0019","82","522-461-5373"
"560","Merle Scedall","ORD-0020","85","401-968-9740"
"561","Junia Duckinfield","ORD-0001","87","282-611-9786"
"562","Sylas Vasyatkin","ORD-0002","39","529-850-5472"
"563","Davin Righy","ORD-0003","72","378-732-8573"
"564","Lynnett Meininking","ORD-0004","20","977-974-4542"
"565","Gerry Joel","ORD-0005","14","779-872-8482"
"566","Opalina Lethbridge","ORD-0006","12","834-307-0436"
"567","Philip Sarjant","ORD-0007","41","310-721-6111"
"568","Dav Gurner","ORD-0008","48","548-624-2730"
"569","Robina Wibrow","ORD-0009","4","941-633-8331"
"570","Wolf Casperri","ORD-0010","17","537-963-3745"
"571","Tobey Attard","ORD-0011","3","316-730-9455"
"572","Torie Swyre","ORD-0012","98","849-809-3108"
"573","Joly Vockings","ORD-0013","87","363-597-2510"
"574","Elke Wogdon","ORD-0014","42","932-328-9512"
"575","Briano Mace","ORD-0015","83","947-221-7646"
"576","Patricio Oddy","ORD-0016","50","775-667-6510"
"577","Mandi Eley","ORD-0017","8","116-235-5475"
"578","Melisse Sallenger","ORD-0018","41","981-928-7562"
"579","Farris Catherick","ORD-0019","62","577-456-8967"
"580","Alfie Janecek","ORD-0020","80","812-702-5896"
"581","Rita Tradewell","ORD-0001","29","507-877-4669"
"582","Lynna Standrin","ORD-0002","45","157-930-4746"
"583","Felix Spindler","ORD-0003","32","854-707-0463"
"584","Amandi Millican","ORD-0004","37","553-750-2042"
"585","Anabel Medcalfe","ORD-0005","2","696-279-2879"
"586","Tammie Rippingall","ORD-0006","42","355-949-0514"
"587","Lynsey Conibere","ORD-0007","97","704-420-6406"
"588","Cariotta Ashbey","ORD-0008","22","397-997-6537"
"589","Mord Madders","ORD-0009","2","848-625-8431"
"590","Ev Leveritt","ORD-0010","14","204-281-9359"
"591","Alecia Forryan","ORD-0011","90","335-988-6158"
"592","Genia Clorley","ORD-0012","64","724-371-5989"
"593","Antoine Scare","ORD-0013","54","772-275-0564"
"594","Levey Murdy","ORD-0014","33","964-764-7741"
"595","Hakim Tupman","ORD-0015","69","743-113-5771"
"596","Merrilee Chenery","ORD-0016","18","911-941-2941"
"597","Selestina Normavell","ORD-0017","46","400-187-1307"
"598","Lacey Spraggon","ORD-0018","66","822-657-7979"
"599","Peyton Rhelton","ORD-0019","76","421-815-3783"
"600","Lianne Kitteridge","ORD-0020","57","350-543-7180"
"601","Miranda Blunsum","ORD-0001","69","858-126-2113"
"602","Idelle Osgordby","ORD-0002","10","264-299-4913"
"603","Goober Benettolo","ORD-0003","21","353-213-6203"
"604","Alla Melley","ORD-0004","60","376-818-2543"
"605","Dan Brogden","ORD-0005","10","403-234-8556"
"606","Ulric Shevelin","ORD-0006","21","118-193-0638"
"607","Faustine Serjeantson","ORD-0007","63","882-917-9001"
"608","Dolf Gian","ORD-0008","13","961-337-0235"
"609","Garret Pringer","ORD-0009","99","349-456-4325"
"610","May Schole","ORD-0010","12","841-161-4050"
"611","Lydie Dyment","ORD-0011","24","666-601-8407"
"612","Shayna Tuft","ORD-0012","39","380-110-0797"
"613","Joni Sprason","ORD-0013","100","228-108-9367"
"614","Barron Densey","ORD-0014","47","815-533-6521"
"615","Agna Bessey","ORD-0015","65","423-309-3954"
"616","Junie Saunder","ORD-0016","43","812-304-7638"
"617","Greer Liger","ORD-0017","87","630-705-9735"
"618","Aluino Sambidge","ORD-0018","51","869-378-5086"
"619","Yanaton Kleinbaum","ORD-0019","98","102-855-5148"
"620","Ban Bowton","ORD-0020","87","523-137-2512"
"621","Kalila Ablitt","ORD-0001","47","290-932-3522"
"622","Melvyn Reay","ORD-0002","57","241-906-1460"
"623","Giustino Lebel","ORD-0003","28","294-324-5041"
"624","Francyne MacGillacolm","ORD-0004","26","839-108-8688"
"625","Davis Joannic","ORD-0005","100","726-521-8698"
"626","Sharia Wahlberg","ORD-0006","27","722-881-7086"
"627","Brenna McAuslan","ORD-0007","63","708-394-5457"
"628","Norby Morford","ORD-0008","50","224-432-8226"
"629","Jackson Sacks","ORD-0009","50","467-139-7329"
"630","Koren Stratton","ORD-0010","49","650-233-8782"
"631","Udale Shipton","ORD-0011","54","211-237-3441"
"632","Hilliary Pattullo","ORD-0012","19","385-800-0332"
"633","Kimberli Greensides","ORD-0013","49","780-164-6329"
"634","Max Dossettor","ORD-0014","17","384-318-1046"
"635","Henrie Yesenev","ORD-0015","20","848-501-9848"
"636","Gayle Paike","ORD-0016","73","865-850-9848"
"637","Cherie Giller","ORD-0017","13","853-599-7737"
"638","Rafael Ellin","ORD-0018","53","868-512-2907"
"639","Madelina Oger","ORD-0019","18","506-420-4220"
"640","Dominick Segebrecht","ORD-0020","50","483-362-4616"
"641","Inger Lowry","ORD-0001","40","235-966-0236"
"642","Ronnie Radbond","ORD-0002","93","412-582-9260"
"643","Paulie Rush","ORD-0003","89","813-246-7048"
"644","Blondy Knappett","ORD-0004","63","701-917-2612"
"645","Burnard Zavattari","ORD-0005","54","369-792-5842"
"646","Elka Symers","ORD-0006","78","297-259-9600"
"647","Vite Guarin","ORD-0007","15","143-966-2752"
"648","Kari Schapiro","ORD-0008","29","977-878-4726"
"649","Florella Readhead","ORD-0009","78","351-556-9883"
"650","Bernete Joule","ORD-0010","96","120-755-3268"
"651","Tammy Upham","ORD-0011","83","191-744-3138"
"652","Gauthier Bowdidge","ORD-0012","60","504-690-9085"
"653","Deane Jirak","ORD-0013","67","879-972-9223"
"654","Sanford Tremberth","ORD-0014","40","468-154-5498"
"655","Brit Pinner","ORD-0015","77","436-746-6603"
"656","Edithe Rozenbaum","ORD-0016","72","361-450-3879"
"657","Reuben Buttle","ORD-0017","9","451-333-9831"
"658","Marlo Shimmings","ORD-0018","23","731-728-7231"
"659","Vinnie Toohey","ORD-0019","71","339-450-9273"
"660","Olivier Varvell","ORD-0020","22","543-623-0643"
"661","Colly Munnings","ORD-0001","53","312-258-5842"
"662","Stepha Drewett","ORD-0002","52","494-260-4874"
"663","Arvie Kondratovich","ORD-0003","45","127-851-4626"
"664","Thom Beagley","ORD-0004","12","694-818-7557"
"665","Buddy Haggis","ORD-0005","48","365-172-7258"
"666","Janos Peacop","ORD-0006","9","977-898-7375"
"667","Conan Baldrick","ORD-0007","41","638-812-7808"
"668","Micky Lowthorpe","ORD-0008","12","727-163-0747"
"669","Jewelle Leyton","ORD-0009","21","989-269-1878"
"670","Farrel MacConnel","ORD-0010","37","191-325-5797"
"671","Germain Gioan","ORD-0011","50","805-790-2209"
"672","Jolee Callf","ORD-0012","77","773-478-5767"
"673","Valdemar Pantling","ORD-0013","70","484-216-2322"
"674","Adrian Atley","ORD-0014","83","870-940-2582"
"675","Sherlock Rouf","ORD-0015","41","829-646-3252"
"676","Charisse Blaxley","ORD-0016","4","965-849-6312"
"677","Andie Muldowney","ORD-0017","1","674-226-9579"
"678","Perrine D''Hooge","ORD-0018","78","261-388-3023"
"679","Olia Wayvill","ORD-0019","55","657-211-6649"
"680","Aarika Scorrer","ORD-0020","74","111-461-0398"
"681","Randy Mallabone","ORD-0001","66","444-692-7423"
"682","Bertram de Leon","ORD-0002","18","845-462-6424"
"683","Bessy Masi","ORD-0003","56","551-950-5332"
"684","Zarah Trinkwon","ORD-0004","97","754-363-4121"
"685","Angelle Taunton.","ORD-0005","77","444-969-9337"
"686","Shena Rosevear","ORD-0006","41","805-839-4448"
"687","Camilla Foulis","ORD-0007","12","396-489-3616"
"688","Teresa Pitceathly","ORD-0008","96","916-805-6418"
"689","Clary Benes","ORD-0009","50","712-670-0385"
"690","Joellen Sallowaye","ORD-0010","34","737-895-6278"
"691","Kenton Springall","ORD-0011","29","322-923-4794"
"692","Lacey Puckrin","ORD-0012","12","741-333-9259"
"693","Otes Tootal","ORD-0013","91","849-524-8877"
"694","Patti Eye","ORD-0014","57","195-711-9768"
"695","Orrin Sherry","ORD-0015","5","480-627-7849"
"696","Giacobo Stockney","ORD-0016","38","654-328-8769"
"697","Minnnie Smallman","ORD-0017","41","174-735-6523"
"698","Martguerita Curnnokk","ORD-0018","94","958-150-2412"
"699","Oona Ledes","ORD-0019","68","214-895-6536"
"700","Mic Shenton","ORD-0020","13","989-747-1391"
"701","Marget Drew","ORD-0001","75","514-518-9580"
"702","Cary Sargint","ORD-0002","23","670-641-4887"
"703","Jacqueline Phinn","ORD-0003","44","894-813-4933"
"704","Dasi Rawkesby","ORD-0004","12","189-670-5095"
"705","Thia Darrigoe","ORD-0005","93","769-823-2610"
"706","Christye Shew","ORD-0006","60","749-306-8887"
"707","Zachery Becerro","ORD-0007","35","537-653-4747"
"708","Mariquilla Jeeves","ORD-0008","36","160-518-4800"
"709","Cointon Torrent","ORD-0009","32","730-662-7789"
"710","Shermie Ghelardoni","ORD-0010","100","964-699-9467"
"711","Licha Samwell","ORD-0011","66","445-667-0144"
"712","Cristy Bowmen","ORD-0012","31","944-492-6632"
"713","Alexandro Zannotelli","ORD-0013","41","833-135-2744"
"714","Tobye MacKomb","ORD-0014","28","945-429-3942"
"715","Joycelin Babar","ORD-0015","2","113-708-5845"
"716","Katha Leahair","ORD-0016","35","745-496-5795"
"717","Dodie Lermit","ORD-0017","88","526-778-9975"
"718","Guglielma Purrier","ORD-0018","7","438-730-9197"
"719","Matilda Bates","ORD-0019","38","917-174-0645"
"720","Woodman Maudlen","ORD-0020","91","208-832-5659"
"721","Madlin Raithbie","ORD-0001","22","389-920-6031"
"722","Adelind Dusey","ORD-0002","2","540-196-2378"
"723","Elihu Quinsee","ORD-0003","83","354-604-3276"
"724","Langston Shellard","ORD-0004","29","927-221-5746"
"725","Bambi Lerohan","ORD-0005","70","653-153-1398"
"726","Aleksandr Ganning","ORD-0006","4","898-874-2747"
"727","Desmond Porson","ORD-0007","61","588-828-4132"
"728","Brandyn Helstrip","ORD-0008","8","892-263-3900"
"729","Mic Filipov","ORD-0009","19","776-903-4303"
"730","Christie Wrate","ORD-0010","84","236-876-0672"
"731","Kaye Vain","ORD-0011","33","695-239-4346"
"732","Kessiah Dovidaitis","ORD-0012","52","245-323-7036"
"733","Vernor Schankel","ORD-0013","66","559-853-3300"
"734","Aylmer Haslen","ORD-0014","76","613-343-3026"
"735","Madonna Stearley","ORD-0015","49","575-561-1851"
"736","Marigold Hebblewaite","ORD-0016","72","571-117-9493"
"737","Alicia Shreve","ORD-0017","12","539-318-1485"
"738","Timotheus Bosward","ORD-0018","75","612-896-1372"
"739","Prudy Stares","ORD-0019","80","678-117-5638"
"740","Towney Lambrook","ORD-0020","33","541-107-4419"
"741","Hollie Frowde","ORD-0001","81","759-643-1399"
"742","Cordelia Sighard","ORD-0002","95","468-121-6226"
"743","Janith Whitchurch","ORD-0003","65","238-528-1726"
"744","Dorolice Grass","ORD-0004","99","579-687-2206"
"745","Yvor Kettle","ORD-0005","20","993-310-8860"
"746","Hershel Mueller","ORD-0006","66","288-582-6009"
"747","Nat Pickin","ORD-0007","8","394-397-2697"
"748","Doretta Burnel","ORD-0008","43","650-878-9076"
"749","Coreen Gullis","ORD-0009","2","421-211-1984"
"750","Marve Kelling","ORD-0010","7","523-354-2579"
"751","Alyssa Capsey","ORD-0011","11","624-659-0736"
"752","Clark Skeeles","ORD-0012","43","821-517-7733"
"753","Ansel Greystoke","ORD-0013","40","484-645-5236"
"754","Dalia Groucutt","ORD-0014","8","381-343-2675"
"755","Ardelia Gareisr","ORD-0015","83","568-518-7062"
"756","Pamelina Nutbeam","ORD-0016","28","959-316-3913"
"757","Bernarr Troni","ORD-0017","34","274-366-0973"
"758","Any Antham","ORD-0018","31","124-916-4220"
"759","Cori Marcoolyn","ORD-0019","79","679-485-0075"
"760","Alvera Faccini","ORD-0020","52","967-281-0337"
"761","Ferdinand Kenningham","ORD-0001","1","945-239-2034"
"762","Dorian Brearton","ORD-0002","51","635-869-0624"
"763","Neddy Haselgrove","ORD-0003","90","410-200-9569"
"764","Pedro Hofner","ORD-0004","80","878-686-4840"
"765","Kimberli Crosgrove","ORD-0005","40","386-870-7045"
"766","Bartholemy Bellow","ORD-0006","61","848-494-0704"
"767","Baudoin Carlet","ORD-0007","18","842-628-3728"
"768","Leola Inman","ORD-0008","95","453-527-1217"
"769","Ariela Delouch","ORD-0009","42","628-388-4423"
"770","Benoite Iskowicz","ORD-0010","66","213-523-1470"
"771","Marni Bridat","ORD-0011","48","963-782-4982"
"772","Ted Trazzi","ORD-0012","8","748-630-0615"
"773","Alvin Lumsdall","ORD-0013","51","849-971-0883"
"774","Alika Paolozzi","ORD-0014","86","274-556-7595"
"775","Pauline Wilsee","ORD-0015","76","332-866-8244"
"776","Cordy Kille","ORD-0016","33","803-127-3743"
"777","Scot Hedde","ORD-0017","17","499-977-7532"
"778","Ianthe Durham","ORD-0018","74","587-989-0229"
"779","Cesya Trewin","ORD-0019","13","934-440-2786"
"780","Cissy MacKibbon","ORD-0020","54","901-246-7606"
"781","Latrina Crafts","ORD-0001","80","545-809-7887"
"782","Theresina Wyman","ORD-0002","38","439-474-0694"
"783","Ronny Chagg","ORD-0003","5","421-832-6449"
"784","Dyna Nequest","ORD-0004","94","860-370-6130"
"785","Bryon Muckloe","ORD-0005","34","526-505-2675"
"786","Ryan Bredgeland","ORD-0006","83","284-783-5180"
"787","Reeta Pedlow","ORD-0007","9","268-547-9896"
"788","Peggi Daines","ORD-0008","8","263-860-0757"
"789","Gypsy Darton","ORD-0009","70","950-646-5209"
"790","Nappie Andrassy","ORD-0010","65","188-278-2424"
"791","Danya Bramham","ORD-0011","68","619-846-5402"
"792","Arlen Sollars","ORD-0012","37","353-241-1908"
"793","Pennie Storrier","ORD-0013","59","116-179-2435"
"794","Henderson Neasam","ORD-0014","50","311-337-8475"
"795","Amanda Crookall","ORD-0015","30","654-593-3328"
"796","Minny Fludder","ORD-0016","52","426-708-5626"
"797","Freemon Masterton","ORD-0017","88","752-841-6473"
"798","Jae Borthwick","ORD-0018","55","132-510-1783"
"799","Idaline Moggie","ORD-0019","89","195-859-4879"
"800","Ewart Bugg","ORD-0020","11","416-705-4346"
"801","Rochester Hasel","ORD-0001","13","694-291-6249"
"802","Rebbecca Jenk","ORD-0002","30","185-686-5663"
"803","Celia Strooband","ORD-0003","57","459-659-8725"
"804","Rice Kelsell","ORD-0004","13","519-392-7599"
"805","Dagny Getch","ORD-0005","60","327-553-7232"
"806","Arne Brewins","ORD-0006","77","558-510-6083"
"807","Kyle Tee","ORD-0007","66","809-919-1474"
"808","Susannah Landall","ORD-0008","89","729-179-2256"
"809","Thornie Joannic","ORD-0009","48","186-679-9372"
"810","Janaya Chancellor","ORD-0010","99","671-825-1318"
"811","Amata Siggers","ORD-0011","84","829-978-3690"
"812","Yettie Adey","ORD-0012","100","916-103-1729"
"813","Reina Bollini","ORD-0013","65","807-149-5759"
"814","Piggy Penkethman","ORD-0014","37","684-953-9803"
"815","Lauri Kebell","ORD-0015","12","767-351-0721"
"816","Granny Sleford","ORD-0016","1","525-495-0475"
"817","Fancie Kitchinghan","ORD-0017","44","304-128-0399"
"818","Maynord Jouanny","ORD-0018","92","241-946-8433"
"819","Nealon Barnet","ORD-0019","36","760-977-9257"
"820","Guntar Truelock","ORD-0020","39","824-222-5360"
"821","Pepito Teligin","ORD-0001","13","327-665-9053"
"822","Edna Boni","ORD-0002","78","987-973-5402"
"823","Michele Simonou","ORD-0003","13","647-395-0353"
"824","Britney Trask","ORD-0004","54","136-477-0518"
"825","Parsifal Billson","ORD-0005","63","313-199-5822"
"826","Cornie Akroyd","ORD-0006","29","556-301-0650"
"827","Alvinia Younghusband","ORD-0007","19","500-678-7123"
"828","Caterina Ulrik","ORD-0008","29","528-849-4191"
"829","Claudian Pulman","ORD-0009","12","673-298-5137"
"830","Reidar Weeden","ORD-0010","36","948-797-0115"
"831","Alene Houldey","ORD-0011","34","149-663-0731"
"832","Wayne Prozescky","ORD-0012","77","839-477-5235"
"833","Lisette Whotton","ORD-0013","94","390-317-9698"
"834","Calida Feehely","ORD-0014","82","244-504-8297"
"835","Leif Rawsthorne","ORD-0015","66","506-167-1935"
"836","Saudra Bellon","ORD-0016","100","935-219-2496"
"837","Dewain Leyton","ORD-0017","81","961-829-5262"
"838","Luce Valde","ORD-0018","89","755-677-1133"
"839","Elga Burney","ORD-0019","42","541-158-6883"
"840","Burnard Gecks","ORD-0020","4","729-979-2809"
"841","Dale Panichelli","ORD-0001","91","787-930-9579"
"842","Evaleen Amer","ORD-0002","84","512-902-2193"
"843","Gerry Bould","ORD-0003","60","770-981-6957"
"844","Tilda Malden","ORD-0004","16","106-632-8212"
"845","Selinda Mitten","ORD-0005","11","554-337-5355"
"846","Rasia Habgood","ORD-0006","94","732-919-7172"
"847","Kelly Fatkin","ORD-0007","54","384-570-3924"
"848","Hervey Grigorian","ORD-0008","65","238-841-8833"
"849","Muffin O''Spillane","ORD-0009","26","656-195-9707"
"850","Priscilla Shipsey","ORD-0010","11","760-875-3506"
"851","Augie Wipfler","ORD-0011","18","698-241-6078"
"852","Deloria Sandry","ORD-0012","67","920-726-7319"
"853","Osgood Keep","ORD-0013","53","380-888-9009"
"854","Elissa Itzkovich","ORD-0014","33","248-989-0190"
"855","Dottie Tutchell","ORD-0015","13","175-121-2509"
"856","Bastian Letteresse","ORD-0016","37","369-560-2462"
"857","Ciro Grief","ORD-0017","13","207-806-2118"
"858","Fanchon Spinella","ORD-0018","61","766-184-8795"
"859","Eva Master","ORD-0019","51","565-345-2610"
"860","Araldo Klaffs","ORD-0020","99","263-159-1834"
"861","Orelia Edbrooke","ORD-0001","52","804-188-1034"
"862","Clemmy Gawith","ORD-0002","10","679-901-0952"
"863","Adrianne Iron","ORD-0003","20","847-944-0398"
"864","Frank Boyan","ORD-0004","2","434-780-0128"
"865","Karlen Korous","ORD-0005","66","461-161-3102"
"866","Gorden Pinchback","ORD-0006","43","619-110-4538"
"867","Shelli Shattock","ORD-0007","49","380-467-2934"
"868","Averil Ropcke","ORD-0008","83","600-265-3030"
"869","Brigg Redhead","ORD-0009","48","198-536-5561"
"870","Joela Bladen","ORD-0010","22","296-541-0201"
"871","Audre Lytlle","ORD-0011","35","575-732-3228"
"872","Sabine Fackrell","ORD-0012","71","209-686-9259"
"873","Noble Buzza","ORD-0013","38","970-373-6234"
"874","Orren Sumers","ORD-0014","45","476-467-5546"
"875","Jeane Andrejevic","ORD-0015","58","637-625-5159"
"876","Melvin McCusker","ORD-0016","6","907-788-1518"
"877","Mersey Goodlett","ORD-0017","14","875-784-4076"
"878","Stace Stoven","ORD-0018","66","876-273-8857"
"879","Hendrick Kirkbright","ORD-0019","38","492-390-9048"
"880","Arlie Cholonin","ORD-0020","80","294-329-5771"
"881","Moises Danbrook","ORD-0001","50","500-582-4250"
"882","Constanta Summerley","ORD-0002","19","447-258-7228"
"883","Kristofer Guerner","ORD-0003","36","386-949-4913"
"884","Isadore Hickin","ORD-0004","64","387-754-9453"
"885","Alyson Barff","ORD-0005","80","161-987-7601"
"886","Rosella Testro","ORD-0006","7","799-620-6572"
"887","Kermy McKeefry","ORD-0007","3","685-384-3014"
"888","Gabey Tuckwell","ORD-0008","1","671-571-4908"
"889","Susann Drysdale","ORD-0009","32","861-291-4812"
"890","Aurel Fordyce","ORD-0010","85","190-369-7263"
"891","Betty Micheli","ORD-0011","33","452-474-1987"
"892","Pip Pendleberry","ORD-0012","89","555-608-2224"
"893","Lorin Djuricic","ORD-0013","88","961-972-5526"
"894","Ianthe Sharer","ORD-0014","63","426-510-4119"
"895","Irwinn Callender","ORD-0015","74","374-904-4947"
"896","Bianca Stuther","ORD-0016","71","501-445-9731"
"897","Luigi Greeveson","ORD-0017","31","475-813-0806"
"898","Aylmar Thirlwell","ORD-0018","17","329-639-7457"
"899","Timmie Shapiro","ORD-0019","33","987-522-4751"
"900","Lesley Ockendon","ORD-0020","47","159-617-2088"
"901","Brandyn Roze","ORD-0001","100","268-185-5061"
"902","Fabio Bootell","ORD-0002","93","457-332-5163"
"903","Biron Pietron","ORD-0003","98","959-946-9437"
"904","Tobias Artois","ORD-0004","93","631-244-4762"
"905","Tabbi Thirtle","ORD-0005","47","443-435-9825"
"906","Robina Aksell","ORD-0006","55","143-452-1396"
"907","Aron Lipman","ORD-0007","57","478-829-7045"
"908","Thorny Liveing","ORD-0008","58","715-599-5954"
"909","Merrill Buessen","ORD-0009","99","277-575-6478"
"910","Christophe Provest","ORD-0010","19","269-754-6572"
"911","Marne O''Suaird","ORD-0011","9","820-379-9865"
"912","Heywood Conant","ORD-0012","4","973-221-0152"
"913","Huntington Burnhard","ORD-0013","4","939-192-6756"
"914","Craggie Demcak","ORD-0014","29","756-341-1179"
"915","Kayne Morando","ORD-0015","9","809-882-2417"
"916","Cordie Treace","ORD-0016","49","171-967-9533"
"917","Clary Batsford","ORD-0017","2","750-519-5342"
"918","Pru Manns","ORD-0018","57","329-367-5126"
"919","Delilah Twiddle","ORD-0019","6","616-985-5140"
"920","Sara-ann Hiner","ORD-0020","51","267-906-6362"
"921","North Babidge","ORD-0001","75","830-251-0801"
"922","Auguste Owbrick","ORD-0002","65","861-693-6661"
"923","Lazare Marrable","ORD-0003","7","710-678-8538"
"924","Fraze Vigneron","ORD-0004","46","467-787-5161"
"925","Holt Kitchingman","ORD-0005","52","438-927-6213"
"926","Lesly Betteridge","ORD-0006","35","212-426-0173"
"927","Sidoney Giannazzo","ORD-0007","36","665-128-8027"
"928","Crystie Veldens","ORD-0008","60","834-227-5932"
"929","Ernesta Larver","ORD-0009","2","715-804-2280"
"930","Gabriela Brende","ORD-0010","76","922-123-5431"
"931","Jena Mitroshinov","ORD-0011","67","365-182-8452"
"932","Alaric Kobel","ORD-0012","18","529-648-3009"
"933","Ophelia MacGebenay","ORD-0013","61","986-751-2335"
"934","Iain Tissiman","ORD-0014","36","452-860-9536"
"935","Ricky Legat","ORD-0015","20","557-131-5461"
"936","Donal Cran","ORD-0016","32","835-753-6023"
"937","Micaela Limbourne","ORD-0017","24","460-585-3166"
"938","Wade Joppich","ORD-0018","62","117-126-1338"
"939","Gaylene Sealeaf","ORD-0019","8","586-598-3591"
"940","Aleece Tape","ORD-0020","93","519-711-0690"
"941","Drona Dunbar","ORD-0001","93","307-780-5747"
"942","Carolyn Camoys","ORD-0002","73","800-820-2836"
"943","Ethyl Fowley","ORD-0003","15","712-538-7785"
"944","Bamby Ashmole","ORD-0004","96","271-540-8564"
"945","Lulita Bloodworth","ORD-0005","44","916-145-8392"
"946","Timmie Filisov","ORD-0006","61","380-170-3339"
"947","Ivett Doggart","ORD-0007","73","530-457-1615"
"948","Bonnibelle Gingold","ORD-0008","52","655-537-7454"
"949","Valli Temperley","ORD-0009","61","395-656-1732"
"950","Felicity Fieldstone","ORD-0010","23","714-465-4109"
"951","Bondon Berndsen","ORD-0011","71","652-493-7901"
"952","Niko Bilam","ORD-0012","88","794-839-0711"
"953","Laney Rosle","ORD-0013","79","219-995-3431"
"954","Carlie Vye","ORD-0014","63","454-891-0690"
"955","Rozalie Saker","ORD-0015","6","195-959-8890"
"956","Belvia Thurnham","ORD-0016","55","457-139-2452"
"957","Alica Tarbox","ORD-0017","38","644-942-8032"
"958","Lanna McGeady","ORD-0018","76","806-529-2980"
"959","Cyndia Meachem","ORD-0019","15","998-182-4731"
"960","Eleonora Edlington","ORD-0020","72","286-201-7562"
"961","Letisha Kittel","ORD-0001","30","697-394-7521"
"962","Willie Powell","ORD-0002","42","984-702-3252"
"963","Konstantin Yurtsev","ORD-0003","58","446-853-5114"
"964","Jayne Woodgate","ORD-0004","27","351-617-8494"
"965","Seymour Parvin","ORD-0005","77","668-395-1961"
"966","Yurik Woltman","ORD-0006","99","481-754-8467"
"967","Edythe Fumagallo","ORD-0007","90","817-443-4633"
"968","Antonius Girauld","ORD-0008","41","983-503-2756"
"969","Susy Eunson","ORD-0009","76","149-786-8306"
"970","Alli Milius","ORD-0010","69","222-547-2648"
"971","Cami Colleford","ORD-0011","42","780-584-0283"
"972","Evy Gooderson","ORD-0012","40","157-141-3121"
"973","Frances Gaythwaite","ORD-0013","24","581-176-7425"
"974","Cordy Baildon","ORD-0014","62","871-640-5435"
"975","Aaren Westbrook","ORD-0015","41","305-957-6127"
"976","Maddy Kuhnwald","ORD-0016","4","975-532-6821"
"977","Arlee Raspel","ORD-0017","10","978-422-3789"
"978","Niko Wisdom","ORD-0018","1","178-675-3214"
"979","Mayor Britnell","ORD-0019","5","468-750-1344"
"980","Newton Edland","ORD-0020","58","399-965-2168"
"981","Candide Tyzack","ORD-0001","29","164-721-6045"
"982","Elizabeth Grenshields","ORD-0002","70","213-863-7265"
"983","Napoleon Jeduch","ORD-0003","25","983-548-4695"
"984","Leanna Ivanov","ORD-0004","33","597-924-6282"
"985","Roddy Guinery","ORD-0005","77","965-311-8172"
"986","Hill Mindenhall","ORD-0006","52","788-383-5429"
"987","Roselle Shrubshall","ORD-0007","40","237-804-4589"
"988","Wheeler Aldwich","ORD-0008","56","901-945-9181"
"989","Braden Melson","ORD-0009","67","429-342-0190"
"990","Laryssa Bartalot","ORD-0010","60","292-899-0771"
"991","Audre Gareisr","ORD-0011","81","456-309-9924"
"992","Reidar Chesley","ORD-0012","48","146-275-9712"
"993","Hirsch Stebbin","ORD-0013","12","625-773-7288"
"994","Micheal Hamson","ORD-0014","19","180-923-5162"
"995","Lorelle Da Costa","ORD-0015","7","622-655-9237"
"996","Charlot Tithacott","ORD-0016","74","280-459-5864"
"997","Hildy Hek","ORD-0017","19","626-935-5827"
"998","Rolf Hanstock","ORD-0018","79","204-539-6071"
"999","Alf Danilowicz","ORD-0019","8","981-502-2071"
"1000","Ladonna Hendrichs","ORD-0020","61","506-894-5095"